ts,host
1762166163.595120,192.168.7.205
1762166179.311110,192.168.7.101
1762173857.144492,fd50:75fd:c988:0:50be:4ba3:982:3b13
1762173857.144492,fd50:75fd:c988::1
1762173857.154969,192.168.7.1
